<?xml version="1.0" encoding="UTF-8" standalone="yes"?>
<addon id="repository.ultratv" name="Ultra Repo" provider-name="jd55418" version="1.0.0">
  <extension point="xbmc.addon.repository" name="Ultra Repo">
    <dir>
      <info compressed="false">https://www.fileshare7575.com/fileshare7575.com/fiverr/repo_files/addons.xml</info>
      <checksum>https://www.fileshare7575.com/fileshare7575.com/fiverr/repo_files/addons.xml.md5</checksum>
      <datadir zip="true">https://www.fileshare7575.com/fileshare7575.com/fiverr/repo_files/zips/</datadir>
    </dir>
  </extension>
  <extension point="xbmc.addon.metadata">
    <platform>all</platform>
    <description lang="en_GB">iptv addon repo</description>
    <license></license>
    <language></language>
    <website></website>
    <news></news>
    <assets>
      <icon>icon.png</icon>
      <fanart>fanart.jpg</fanart>
    </assets> 
  </extension>
</addon>